{"cameraMode":{"drawMode":0,"name":"Shaded","section":"Shading Mode"},"sceneLighting":false,"audioPlay":false,"sceneViewState":{"m_AlwaysRefresh":false,"showFog":true,"showSkybox":false,"showFlares":true,"showImageEffects":true,"showParticleSystems":true,"showVisualEffectGraphs":true,"m_FxEnabled":true},"in2DMode":false,"pivot":{"x":-0.034522175788879397,"y":1.2596147060394288,"z":0.17438676953315736},"rotation":{"x":0.023433290421962739,"y":-0.9708350300788879,"z":0.10674476623535156,"w":0.21360136568546296},"size":2.1623706817626955,"orthographic":false}