{"cameraMode":{"drawMode":0,"name":"Shaded","section":"Shading Mode"},"sceneLighting":false,"audioPlay":false,"sceneViewState":{"m_AlwaysRefresh":false,"showFog":true,"showSkybox":false,"showFlares":true,"showImageEffects":true,"showParticleSystems":true,"showVisualEffectGraphs":true,"m_FxEnabled":true},"in2DMode":false,"pivot":{"x":-0.07785773277282715,"y":-0.14043521881103517,"z":3.809330940246582},"rotation":{"x":-0.19497118890285493,"y":-0.05145636573433876,"z":0.010242057964205742,"w":-0.9794189929962158},"size":3.024744749069214,"orthographic":false}