{"cameraMode":{"drawMode":0,"name":"Shaded","section":"Shading Mode"},"sceneLighting":true,"audioPlay":false,"sceneViewState":{"m_AlwaysRefresh":false,"showFog":true,"showSkybox":true,"showFlares":true,"showImageEffects":true,"showParticleSystems":true,"showVisualEffectGraphs":true,"m_FxEnabled":true},"in2DMode":false,"pivot":{"x":-8.600336074829102,"y":-18.72567367553711,"z":70.90648651123047},"rotation":{"x":-0.17608389258384705,"y":0.000007250892394949915,"z":-3.2908465641412479e-7,"w":-0.9844056367874146},"size":49.50119400024414,"orthographic":false}