{"cameraMode":{"drawMode":0,"name":"Shaded","section":"Shading Mode"},"sceneLighting":true,"audioPlay":false,"sceneViewState":{"m_AlwaysRefresh":false,"showFog":true,"showSkybox":true,"showFlares":true,"showImageEffects":true,"showParticleSystems":true,"showVisualEffectGraphs":true,"m_FxEnabled":true},"in2DMode":false,"pivot":{"x":-7.532222747802734,"y":-3.7454071044921877,"z":-0.39478588104248049},"rotation":{"x":-0.46955788135528567,"y":0.02516520582139492,"z":-0.013392535038292408,"w":-0.8824552297592163},"size":27.91502571105957,"orthographic":false}