{"cameraMode":{"drawMode":0,"name":"Shaded","section":"Shading Mode"},"sceneLighting":true,"audioPlay":false,"sceneViewState":{"m_AlwaysRefresh":false,"showFog":true,"showSkybox":true,"showFlares":true,"showImageEffects":true,"showParticleSystems":true,"showVisualEffectGraphs":true,"m_FxEnabled":true},"in2DMode":false,"pivot":{"x":-3.07918381690979,"y":2.8816847801208498,"z":138.19943237304688},"rotation":{"x":0.015000352635979653,"y":0.0032657624687999489,"z":-0.000006132861017249525,"w":0.999931812286377},"size":103.16814422607422,"orthographic":false}