{"cameraMode":{"drawMode":0,"name":"Shaded","section":"Shading Mode"},"sceneLighting":false,"audioPlay":false,"sceneViewState":{"m_AlwaysRefresh":false,"showFog":true,"showSkybox":false,"showFlares":true,"showImageEffects":true,"showParticleSystems":true,"showVisualEffectGraphs":true,"m_FxEnabled":true},"in2DMode":false,"pivot":{"x":942.5198364257813,"y":532.3658447265625,"z":160.6424560546875},"rotation":{"x":-0.09436269104480744,"y":0.002993798814713955,"z":-0.00028038647724315524,"w":-0.9955615997314453},"size":533.2659912109375,"orthographic":false}