{"cameraMode":{"drawMode":0,"name":"Shaded","section":"Shading Mode"},"sceneLighting":false,"audioPlay":false,"sceneViewState":{"m_AlwaysRefresh":false,"showFog":true,"showSkybox":false,"showFlares":true,"showImageEffects":true,"showParticleSystems":true,"showVisualEffectGraphs":true,"m_FxEnabled":true},"in2DMode":false,"pivot":{"x":0.7822132110595703,"y":-0.5628668069839478,"z":2.0747342109680177},"rotation":{"x":-0.13150925934314729,"y":-0.21091625094413758,"z":0.02864421159029007,"w":-0.9682104587554932},"size":4.289129257202148,"orthographic":false}