{"cameraMode":{"drawMode":0,"name":"Shaded","section":"Shading Mode"},"sceneLighting":false,"audioPlay":false,"sceneViewState":{"m_AlwaysRefresh":false,"showFog":true,"showSkybox":false,"showFlares":true,"showImageEffects":true,"showParticleSystems":true,"showVisualEffectGraphs":true,"m_FxEnabled":true},"in2DMode":false,"pivot":{"x":0.3805948495864868,"y":2.519007444381714,"z":-0.41119813919067385},"rotation":{"x":-0.010515352711081505,"y":-0.987861692905426,"z":0.07720943540334702,"w":-0.13448591530323029},"size":3.596235990524292,"orthographic":false}